Mouse,Test Date,Link to Heatmap Images
1,2026/6/22,https://www.dropbox.com/scl/fo/io3ynh8envji835z9bcyo/ALRL00Fl-21yR_nLnaE3Mss?rlkey=b36uwcce8ux6bi43d7zgsznyq&st=u4txh69t&dl=0
6,2026/6/22,https://www.dropbox.com/scl/fo/d48ryb9g8wgx6fb2a0gpm/AFIyDmo1__og5p8dj82KWWk?rlkey=7trxv52awmvyyo9v14ll8csb5&st=4n5c898i&dl=0
11,2026/6/22,https://www.dropbox.com/scl/fo/vzpi8yodwo6o8tfc48t42/AEy_il4ZUf5VILJJwNcZ8qQ?rlkey=kacf6knjnif2zkhu5ryzf4f7w&st=0fqxqt89&dl=0
2,2026/6/23,https://www.dropbox.com/scl/fo/pkhm79137dpka6zqiqc2s/AJm5B8SZ3qv9Jm322Qh1OVc?rlkey=tr17r85akkiacp6yuty2gsgef&st=oly1wi6r&dl=0
7,2026/6/23,https://www.dropbox.com/scl/fo/il140uiou2jaufbmdsmya/AIcRa1pkrvRllW2Uc49BlsQ?rlkey=k0w89m5apxpwiq4jg8g9xxkmm&st=e6me6gyn&dl=0
12,2026/6/23,https://www.dropbox.com/scl/fo/1r8f5niyijndiqk5ja39u/APZhG2v_RucD65M3tdhqllk?rlkey=9oq892wo7mby1oxbpfhn391q3&st=4u3ydph2&dl=0
3,2026/6/24,https://www.dropbox.com/scl/fo/3tpk5cnuzmks6sff3cwkq/AOexBLtYP_iNgAKgO3gAg24?rlkey=l7o33g3allujf0ypfm5fagraj&st=4xxqnpq9&dl=0
8,2026/6/24,https://www.dropbox.com/scl/fo/a6aomhvv0feb6s96ynnc0/AJ7IUwD4mUnoed9R3QeTK0I?rlkey=dxb337b6sdnsvmfdy8amxnfcv&st=77kd577d&dl=0
13,2026/6/24,https://www.dropbox.com/scl/fo/9ycm54j1apkphs51x0q5u/AJl5IkiYD2aNf0vO2mlA8DE?rlkey=uj6elawixldz6v7cg4vjxnetp&st=5u5umtp9&dl=0
4,2026/6/25,https://www.dropbox.com/scl/fo/a9c986zuaefsbyt25mzwf/APGhGdqB_ZzxQYOl8J-hIYM?rlkey=mdt0fvkh55cbm2936qpw7qf7p&st=4udev81j&dl=0
9,2026/6/25,https://www.dropbox.com/scl/fo/ruhwlobgzf7kq62fbhaou/ANTyeg5FGZddx_DZ10CBEoU?rlkey=okik6bgts07vf7nwqx4xe2rza&st=4rw8dks6&dl=0
14,2026/6/25,https://www.dropbox.com/scl/fo/1can26soemj395ww498i6/APDD_MXZdeadvD5iIRO5-mQ?rlkey=c0chokq2z1r0i32kzl10ood8b&st=l7ume32v&dl=0
5,2026/7/1,https://www.dropbox.com/scl/fo/v6hs6w5mhphy13yfxtde4/ANTxMtsWpuuBXe-dPjwBUIA?rlkey=yg39lyrcdkcfxnlk0gsyojlau&st=tziq2glk&dl=0
10,2026/7/1,https://www.dropbox.com/scl/fo/c7kpiy1c05ga8oou9xcha/AFA9FYIRyIcrq3TvAnPa0MM?rlkey=c7ixr3qeqa01oxmpmuz7pajmx&st=41wv2yok&dl=0
15,2026/7/1,https://www.dropbox.com/scl/fo/cnf67v6b5p0q8wnamrcyp/ANzaKIh5A4tzzp3p1vLoSks?rlkey=y4xxd0kb46rc1a4tzn838p25p&st=ocayveyw&dl=0
16,2026/7/2,
17,2026/7/2,
18,2026/7/2,
